{"cameraMode":{"drawMode":0,"name":"Shaded","section":"Shading Mode"},"sceneLighting":false,"audioPlay":false,"sceneViewState":{"m_AlwaysRefresh":false,"showFog":true,"showSkybox":false,"showFlares":true,"showImageEffects":true,"showParticleSystems":true,"showVisualEffectGraphs":true,"m_FxEnabled":true},"in2DMode":false,"pivot":{"x":1.4670000076293946,"y":1.440000057220459,"z":0.6850000023841858},"rotation":{"x":-0.06585077941417694,"y":0.8946219682693481,"z":-0.41899505257606509,"w":-0.14071594178676606},"size":0.17320512235164643,"orthographic":true}