{"cameraMode":{"drawMode":0,"name":"Shaded","section":"Shading Mode"},"sceneLighting":true,"audioPlay":false,"sceneViewState":{"m_AlwaysRefresh":false,"showFog":true,"showSkybox":true,"showFlares":true,"showImageEffects":true,"showParticleSystems":true,"showVisualEffectGraphs":true,"m_FxEnabled":true},"in2DMode":false,"pivot":{"x":-2.1833887100219728,"y":4.506160259246826,"z":4.43780517578125},"rotation":{"x":0.08605843782424927,"y":0.22804290056228639,"z":-0.020157506689429284,"w":0.9696726202964783},"size":3.147116184234619,"orthographic":true}